linkedinUrl,query,timestamp
https://www.linkedin.com/company/bta,bta Sales,2018-10-18T13:53:42.233Z
https://www.linkedin.com/company/marketplacer,Marketplacer,2018-10-18T13:54:36.277Z
https://www.linkedin.com/company/vitamin-t-,VitaminT,2018-10-18T13:54:53.713Z
https://www.linkedin.com/company/bluefin-resources,Bluefin Resources,2018-10-18T13:55:11.449Z
https://www.linkedin.com/company/careerup-inc.,"CareerUp,Inc.",2018-10-18T13:55:28.959Z
https://www.linkedin.com/company/greencap-limited,Greencap,2018-10-18T13:56:43.563Z
https://www.linkedin.com/company/sutherland-shire-council,Sutherland Shire Council,2018-10-18T13:58:48.280Z
https://www.linkedin.com/company/become-recruitment?trkInfo=tas%253Abecome%2520au%252Cidx%253A1-1-1,Become Recruitment Australia,2018-10-18T13:58:49.520Z
https://www.linkedin.com/company/avanade,Avanade,2018-10-18T13:59:25.063Z
https://www.linkedin.com/company/robert-half-international,RobertHalf,2018-10-18T14:00:01.100Z
https://www.linkedin.com/company/ach-group,ACHGroup,2018-10-18T14:00:02.201Z
https://www.linkedin.com/company/agilent-technologies,Agilent Technologies,2018-10-18T14:01:42.611Z
https://www.linkedin.com/company/live-nation-australasia-pty-ltd,Live Nation Australasia,2018-10-18T14:02:00.336Z
https://www.linkedin.com/company/special-broadcasting-service-sbs-australia,Special Broadcasting Service(SBS) Australia,2018-10-18T14:03:18.609Z
https://www.linkedin.com/company/itcom-australia-pty-ltd,Davidson Technology,2018-10-18T14:03:19.448Z
https://www.linkedin.com/company/ethangroup,Ethan Group,2018-10-18T14:03:37.135Z
https://www.linkedin.com/company/readify,Readify,2018-10-18T14:04:33.605Z
https://www.linkedin.com/company/rubixgroup,RUBIX.,2018-10-18T14:06:37.869Z
https://www.linkedin.com/company/vicotrian-government,Victorian Government,2018-10-18T14:07:14.091Z
https://www.linkedin.com/company/mobileiron,MobileIro,2018-10-18T14:08:34.001Z
https://www.linkedin.com/company/defence-science-and-technology-organisation,Defence Science and Technology Group,2018-10-18T14:09:25.520Z
https://www.linkedin.com/company/verizon-connect,Verizon Connect,2018-10-18T14:09:26.153Z
https://www.linkedin.com/company/southern-cross-computer-systems,SXiQ,2018-10-18T14:09:39.779Z
https://www.linkedin.com/company/ivanti,Ivanti,2018-10-18T14:09:40.615Z
https://www.linkedin.com/company/innovation-group-australia,Innovation Group Australia,2018-10-18T14:09:41.137Z
https://www.linkedin.com/company/flare-hr,FlareHR,2018-10-18T14:09:59.032Z
https://www.linkedin.com/company/equinix,Equinix,2018-10-18T14:10:35.047Z
https://www.linkedin.com/company/resourcesolutionsgroup,Resource Solutions Group,2018-10-18T14:10:48.279Z
https://www.linkedin.com/company/treasury-wine-estates,Treasury Wine Estates,2018-10-18T14:13:18.116Z
https://www.linkedin.com/company/vmware,VMware,2018-10-18T14:14:15.978Z
https://www.linkedin.com/company/lakeba-group,Lakeba Group,2018-10-18T14:15:53.145Z
https://www.linkedin.com/company/esolutions-inc-,e and eSolutions,2018-10-18T14:15:54.546Z
https://www.linkedin.com/company/skillsoft,MySkillSoft,2018-10-18T14:16:12.409Z
https://www.linkedin.com/company/deakinalumni,Deakin University,2018-10-18T14:16:13.428Z
https://www.linkedin.com/company/yooralla,Yooralla,2018-10-18T14:16:14.699Z
https://www.linkedin.com/company/spring-professional,Spring Professional,2018-10-18T14:17:41.392Z
https://www.linkedin.com/company/bpay-pty-ltd,BPAY,2018-10-18T14:18:17.996Z
https://www.linkedin.com/company/snugcom/,Snug.com,2018-10-18T14:18:35.547Z
https://www.linkedin.com/company/imperva,Imperva,2018-10-18T14:18:52.901Z
https://www.linkedin.com/company/mcs-consulting,MCS Consulting,2018-10-18T14:19:29.060Z
https://www.linkedin.com/company/twilio-inc-,TwilioInc.,2018-10-18T14:19:30.192Z
https://www.linkedin.com/company/amazon-web-services,AmazonWebServices,2018-10-18T14:19:31.312Z
https://www.linkedin.com/company/austcorp-executive,AustCorpExecutive,2018-10-18T14:20:07.518Z
https://www.linkedin.com/company/domestic-cat-software,DomesticCatSoftware,2018-10-18T14:20:25.484Z
https://www.linkedin.com/company/fluxfederation,FluxFederatio,2018-10-18T14:21:39.756Z
https://www.linkedin.com/company/here,HERETechnologies,2018-10-18T14:22:15.934Z
https://www.linkedin.com/company/optus,Optus,2018-10-18T14:22:33.583Z
https://www.linkedin.com/company/supply-com,Supple,2018-10-18T14:23:10.109Z
https://www.linkedin.com/company/netapp,NetApp,2018-10-18T14:23:27.722Z
https://www.linkedin.com/company/jules-remay-executive_7,JulesRemayConsulting,2018-10-18T14:23:28.414Z
https://www.linkedin.com/company/clicks-it-recruitment,ClicksITRecruitment,2018-10-18T14:24:24.146Z
https://www.linkedin.com/company/helloworld-com-au,HelloworldTravelLimited,2018-10-18T14:24:25.268Z
https://www.linkedin.com/company/equiem,Equiem,2018-10-18T14:24:27.795Z
https://www.linkedin.com/company/airtree-ventures,AirTreeVentures,2018-10-18T14:24:28.667Z
https://www.linkedin.com/company/asggroup,ASGGroup,2018-10-18T14:24:42.917Z
https://www.linkedin.com/company/viiew-pty.-ltd,Viiew,2018-10-18T14:24:43.962Z
https://www.linkedin.com/company/quintiq,Quintiq,2018-10-18T14:24:44.821Z
https://www.linkedin.com/company/dell,Dell,2018-10-18T14:24:45.765Z
https://www.linkedin.com/company/reveal-group,RevealGroup,2018-10-18T14:24:46.827Z
https://www.linkedin.com/company/the-good-guys,TheGoodGuys,2018-10-18T14:27:19.332Z
https://www.linkedin.com/company/csg-talent/,CSG:TheGlobalTalentExperts,2018-10-18T14:27:55.161Z
https://www.linkedin.com/company/nrma,TheNRMA,2018-10-18T14:28:51.844Z
https://www.linkedin.com/company/csbp-fertilisers,CSBPFertilisers,2018-10-18T14:29:09.884Z
https://www.linkedin.com/company/explorance,Explorance,2018-10-18T14:29:42.404Z
https://www.linkedin.com/company/uber-com,Uber,2018-10-18T14:32:14.051Z
https://www.linkedin.com/company/ethos-corporation,EthosBeathChapma,2018-10-18T14:32:31.193Z
https://www.linkedin.com/company/hudson,Hudso,2018-10-18T14:33:27.361Z
https://www.linkedin.com/company/tl-consulting-group,TLConsultingGroup,2018-10-18T14:34:19.839Z
https://www.linkedin.com/company/mindworx,Mindworx,2018-10-18T14:35:11.426Z
https://www.linkedin.com/company/tata-consultancy-services,TataConsultancyServices,2018-10-18T14:35:24.878Z
https://www.linkedin.com/company/geoscience-australia,GeoscienceAustralia,2018-10-18T14:36:16.652Z
https://www.linkedin.com/company/blockgrain,BlockGrai,2018-10-18T14:36:17.633Z
https://www.linkedin.com/company/emarsys,Emarsys,2018-10-18T14:37:13.993Z
https://www.linkedin.com/company/network-international,NetworkInternational,2018-10-18T14:37:14.967Z
https://www.linkedin.com/company/pickstar,PickStar,2018-10-18T14:37:50.999Z
https://www.linkedin.com/company/paxus,Paxus-Technology+DigitalTalent,2018-10-18T14:37:51.879Z
https://www.linkedin.com/company/the-trade-desk,TheTradeDesk,2018-10-18T14:37:52.543Z
https://www.linkedin.com/company/smart-teachers,SmartTeachers,2018-10-18T14:38:09.914Z
https://www.linkedin.com/company/telstra,Telstra,2018-10-18T14:39:06.895Z
https://www.linkedin.com/company/pageup,PageUp,2018-10-18T14:39:24.901Z
https://www.linkedin.com/company/greythornaustralia,"GreythornAustralia,anExperisCompany",2018-10-18T14:39:42.026Z
https://www.linkedin.com/company/annexa-pty-ltd,Annexa-NetSuiteSolutionProvider,2018-10-18T14:39:42.605Z
https://www.linkedin.com/company/civica,Civica,2018-10-18T14:39:43.175Z
https://www.linkedin.com/company/aricent,Aricent,2018-10-18T14:39:56.844Z
https://www.linkedin.com/company/kloud-solutions,KloudSolutions,2018-10-18T14:39:57.998Z
https://www.linkedin.com/school/university-of-melbourne/,UniversityofMelbourne,2018-10-18T14:42:00.415Z
https://www.linkedin.com/company/attache-software,Attach Software,2018-10-19T01:21:00.627Z
https://www.linkedin.com/company/rowben-consulting,Rowben Consulting,2018-10-19T01:21:54.819Z
https://www.linkedin.com/company/servia/,Servia,2018-10-19T01:22:47.077Z
https://www.linkedin.com/school/reading-area-community-college/,ReadingAreaCommunityCollege,2018-10-19T01:22:48.276Z
